"s1","s2","s3","s4","s5","s6","s7","s8","s9","s10","s11","s12","s13","s15","s16","s17","s18","s19","s20","s21","s22","s24","s25","s26","s27","s28","s29","s30","s31","s32","s33","s34","s36","s37","s38","s39","s40","s41","s42","s43","s44","s45","s46","s47","s48","s49","s50","s51","s52","s53","s54","s55","s56","s57"
"1","14,051","4,025","1,000","0,841470985","14,519","0,598472144","02/07/2020","75 913","176 876","39 936","0,89120736","378 837","203 323","38 112","15,283","-0,756802495","77 184","215 160","133 644","57 033","21,129","43 256","99 958","35 838","166 785","274 571","0,909297427","378 518","-811 333","28 799","466 430","336 631","14,16","2,23","16,15","24,18","19,63","-0,999990207","-10,78","24,867","58,27","15,61","44,73","-12,52","0,598472144","24,18","46,64","17,69","24,18","-0,279415498","46,64","24,18","17,69","46,64"
"2","18,160","6,080","2,000","0,909297427","19,320","-0,350783228","03/07/2020","160 851","174 920","281 670","0,808496404","870 004","384 647","53 559","20,336","-0,958924275","-125 730","375 384","-0,5044","100 638","26,183","28 415","117 480","54 486","175 703","192 478","-0,756802495","599 847","-884 796","407 237","535 006","593 106","13,07","2,21","9,87","17,92","-4,04","-0,536572918","34,75","31,437","65,66","36,30","71,01","-17,33","-0,958924275","17,92","53,50","17,49","17,92","0,656986599","53,50","17,92","17,49","53,50"
"3","21,215","7,608","3,000","0,141120008","22,890","-0,977530118","04/07/2020","75 016","123 653","212 532","-0,157745694","939 085","497 679","56 132","24,095","-0,279415498","-241 471","541 954","79 063","276 017","29,941","22 104","29 241","39 247","135 462","278 563","-0,279415498","354 760","-1 679 626","394 096","473 827","311 281","15,95","0,00","9,34","20,64","-16,25","0,420167037","-10,80","36,323","58,51","38,75","97,80","-30,52","0,937999977","20,64","47,38","12,37","20,64","0,989358247","47,38","20,64","12,37","47,38"
"4","7,789","0,895","4,000","-0,756802495","7,202","-0,705540326","05/07/2020","101 431","52 533","484 369","-0,951602074","890 297","505 362","76 610","7,581","0,656986599","-194 037","457 264","16 082","438 141","13,427","124 571","88 831","80 825","273 418","267 650","0,989358247","715 336","-1 480 394","270 327","523 406","535 098","21,22","-13,94","5,18","16,28","8,31","0,990607356","-30,53","14,855","103,55","-6,69","76,80","-49,23","-0,544021111","16,28","52,34","5,25","16,28","0,412118485","52,34","16,28","5,25","52,34"
"5","8,958","1,479","5,000","-0,958924275","8,568","0,215119988","06/07/2020","103 821","13 886","485 118","-0,705540326","1 088 776","318 045","122 293","9,019","0,989358247","-50 838","309 984","164 877","557 176","14,865","179 841","76 125","179 877","-0,3743","145 260","-0,544021111","598 845","-2 359 020","163 446","393 702","551 426","22,24","-23,26","3,17","19,74","23,51","0,65028784","4,80","16,724","47,15","0,00","117,79","-47,01","-0,066321897","19,74","39,37","1,39","19,74","-0,544021111","39,37","19,74","1,39","39,37"
"6","9,039","1,520","6,000","-0,279415498","8,662","0,937999977","07/07/2020","235 592","-101 132","317 864","0,311541364","798 744","184 756","104 601","9,118","0,412118485","-12 656","336 045","-0,0137","340 821","14,965","228 845","288 007","224 424","-47 503","143 983","-0,536572918","42 446","-3 455 275","210 320","303 175","540 230","20,13","-3,36","1,32","12,97","46,90","-0,287903317","14,02","16,854","127,31","4,29","114,39","-41,14","0,65028784","12,97","30,32","-10,11","12,97","-0,999990207","30,32","12,97","-10,11","30,32"
"7","10,799","2,399","7,000","0,656986599","10,718","0,798487113","08/07/2020","184 202","-13 852","87 510","0,988168234","233 371","-82 462","115 443","11,282","-0,544021111","-49 574","444 567","0,7633","280 451","17,128","205 035","126 061","237 805","-60 353","368 734","0,990607356","365 776","-3 602 181","91 828","-165 567","648 821","17,64","5,99","9,34","29,04","70,40","-0,961397492","-1,71","19,667","193,49","14,72","131,70","-47,75","-0,975626005","29,04","-16,56","-1,39","29,04","-0,536572918","-16,56","29,04","-1,39","-16,56"
"8","9,352","1,676","8,000","0,989358247","9,028","-0,07515112","09/07/2020","368 123","-183 973","473 284","0,584917193","-311 719","97 455","133 231","9,503","-0,999990207","-167 576","178 893","-0,0458","234 410","15,349","186 610","227 265","273 398","-206 954","520 366","-0,287903317","477 733","-2 789 701","-40 291","-239 727","508 097","17,96","1,25","5,42","28,73","60,27","-0,750987247","40,17","17,354","207,00","13,07","138,16","-20,72","0,912945251","28,73","-23,97","-18,40","28,73","0,420167037","-23,97","28,73","-18,40","-23,97"
"9","9,595","1,797","9,000","0,412118485","9,312","-0,87969576","10/07/2020","308 349","-57 313","536 887","-0,457535894","475 042","529 691","154 776","9,802","-0,536572918","-120 931","182 827","168 699","147 912","15,648","79 685","122 744","162 332","-266 316","416 073","-0,750987247","275 420","-1 682 074","-123 720","-253 432","622 404","7,74","-3,98","5,25","38,86","90,49","0,14987721","5,75","17,742","132,20","-6,48","105,16","7,96","-0,487174512","38,86","-25,34","-5,73","38,86","0,990607356","-25,34","38,86","-5,73","-25,34"
"10","10,058","2,029","10,000","-0,544021111","9,853","-0,875452175","11/07/2020","299 502","-95 603","361 550","-0,999990207","302 696","344 177","162 800","10,371","0,420167037","-138 585","277 645","71 255","283 386","16,217","-87 690","193 765","155 166","-90 801","552 083","0,912945251","216 001","-1 531 512","-12 476","-75 819","678 790","2,68","11,81","5,50","28,52","123,47","0,912945251","-42,70","18,483","126,68","-10,46","101,07","21,42","-0,13235175","28,52","-7,58","-9,56","28,52","0,65028784","-7,58","28,52","-9,56","-7,58"
"11","10,289","2,145","11,000","-0,999990207","10,123","-0,066321897","12/07/2020","431 654","80 738","36 561","-0,449647465","470 614","579 946","166 325","10,656","0,990607356","-209 372","171 876","10 943","417 776","16,502","36 148","184 893","138 829","-33 998","555 873","-0,008851309","-133 511","-1 906 710","109 220","212 335","1 187 728","10,70","21,13","-3,39","35,24","161,96","0,836655639","-59,27","18,853","177,41","-36,41","72,36","11,97","0,699240032","35,24","21,23","8,07","35,24","-0,287903317","21,23","35,24","8,07","21,23"
"12","10,602","2,301","12,000","-0,536572918","10,488","0,803784427","13/07/2020","492 877","-25 188","-344 200","0,592073515","874 161","-18 401","191 006","11,040","0,65028784","-270 007","19 880","79 270","343 424","16,886","-78 981","44 870","182 415","-96 224","475 980","-0,905578362","-184 033","-1 332 924","-71 637","657 673","1 422 338","6,48","17,89","1,82","35,42","181,47","-0,008851309","-63,73","19,352","149,89","-21,40","51,32","-44,38","-0,988031624","35,42","65,77","-2,52","35,42","-0,961397492","65,77","35,42","-2,52","65,77"
"13","11,991","2,995","13,000","0,420167037","12,111","0,934895056","14/07/2020","376 784","59 852","-45 280","0,986771964","313 845","307 083","154 126","12,749","-0,287903317","-107 524","107 728","190 041","455 864","18,595","-131 780","180 720","88 501","0,9878","394 862","0,76255845","-377 439","-762 549","-398 103","699 914","1 381 064","9,65","20,20","3,19","14,48","187,96","-0,846220404","-69,05","21,573","78,14","-14,38","9,61","-58,15","0,883870424","14,48","69,99","5,99","14,48","-0,750987247","69,99","14,48","5,99","69,99"
"14","12,639","3,319","14,000","0,990607356","12,869","0,206467482","15/07/2020","586 154","98 796","39 301","0,303118357","351 795","357 669","171 650","13,546","-0,961397492","0,6753","11 264","294 488","186 720","19,392","-128 271","256 730","92 064","153 355","542 183","0,270905788","114 988","-577 732","-657 443","680 033","1 225 605","1,55","27,79","7,07","1,14","182,17","-0,905578362","-92,30","22,610","96,17","-28,58","1,46","-86,99","-0,428182669","1,14","68,00","9,88","1,14","0,14987721","68,00","1,14","9,88","68,00"
"15","13,472","3,736","15,000","0,65028784","13,842","-0,711785342","16/07/2020","590 189","205 447","-241 707","-0,711785342","192 357","704 366","159 040","14,571","-0,750987247","-90 667","-87 903","482 928","251 743","20,417","-139 369","203 490","167 424","-0,6332","656 269","-0,988031624","320 451","-387 676","-556 142","469 180","1 185 547","-4,85","40,89","-1,85","-2,94","160,98","-0,13235175","-65,72","23,942","91,75","-73,59","8,35","-87,30","-0,1977988","-2,94","46,92","20,54","-2,94","0,912945251","46,92","-2,94","20,54","46,92"
"16","17,106","5,553","16,000","-0,287903317","18,089","-0,975626005","17/07/2020","582 049","157 944","-228 040","-0,948844498","-198 621","987 741","180 458","19,041","0,14987721","-152 955","149 982","351 540","158 100","24,887","-199 269","17 860","97 885","107 330","676 761","0,551426681","206 834","-1 530 220","-720 308","0,0855","1 135 635","-5,93","41,60","-4,40","-11,10","140,54","0,76255845","-97,32","29,753","148,38","-62,72","28,37","-86,51","0,74511316","-11,10","0,00","15,79","-11,10","0,836655639","0,00","-11,10","15,79","0,00"
"17","13,299","3,649","17,000","-0,961397492","13,639","-0,342480618","18/07/2020","509 902","0,8191","-333 270","-0,148999026","-337 223","1 566 006","203 106","14,357","0,912945251","-217 630","215 917","183 811","403 054","20,203","-328 656","49 348","99 405","78 389","821 226","0,529082686","233 662","-1 603 582","-732 081","-173 998","1 385 386","-11,88","57,29","-13,63","-28,73","125,56","0,956375928","-92,72","23,664","127,98","-62,24","-13,16","-101,18","-0,996086503","-28,73","-17,40","0,00","-28,73","-0,008851309","-17,40","-28,73","0,00","-17,40"
"18","9,641","1,821","18,000","-0,750987247","9,366","0,60553987","19/07/2020","610 739","32 080","-507 449","0,813673738","-592 308","1 344 808","213 311","9,859","0,836655639","-75 541","355 926","175 417","367 554","15,705","-386 560","-39 961","86 328","-33 076","1 070 466","-0,991778853","61 678","-1 474 500","-809 345","-143 255","1 696 438","-20,12","46,07","-8,70","-28,74","137,92","0,270905788","-95,11","17,816","99,68","-52,54","4,74","-104,45","0,850903525","-28,74","-14,33","3,21","-28,74","-0,846220404","-14,33","-28,74","3,21","-14,33"
"19","10,509","2,255","19,000","0,14987721","10,380","0,996829794","20/07/2020","612 518","205 297","-593 622","0,887157529","-560 735","1 735 286","202 541","10,926","-0,008851309","-113 024","356 623","207 029","197 018","16,773","-344 450","-227 922","0,1974","-0,202","1 238 903","0,296368579","297 013","-1 000 174","-896 199","-46 418","1 711 532","-18,61","31,78","-5,14","-22,49","152,05","-0,663633884","-93,08","19,204","133,28","-53,24","-6,99","-114,28","-0,367305349","-22,49","-4,64","20,53","-22,49","-0,905578362","-4,64","-22,49","20,53","-4,64"
"20","11,632","2,816","20,000","0,912945251","11,692","0,471639003","21/07/2020","386 268","157 800","-637 306","-0,008851309","-1 065 203","1 873 144","201 855","12,307","-0,846220404","-39 045","375 336","10 467","143 252","18,153","-366 911","-47 493","47 659","-120 352","1 053 830","0,74511316","-67 612","-1 096 396","-1 180 344","-573 767","1 457 234","-31,51","22,27","2,97","-29,86","155,22","-0,988031624","-106,67","20,999","102,79","-73,77","29,89","-142,24","-0,262374854","-29,86","-57,38","15,78","-29,86","-0,13235175","-57,38","-29,86","15,78","-57,38"
"21","11,817","2,909","21,000","0,836655639","11,908","-0,487174512","22/07/2020","520 060","0,1044","-477 990","-0,895187368","-1 013 612","1 562 973","247 714","12,535","-0,905578362","-58 973","526 828","0,6227","268 445","18,381","-293 158","-113 533","82 098","-149 969","1 186 450","-0,916521548","-213 176","-1 198 143","-1 356 162","-629 551","1 412 516","-31,33","23,91","1,24","-40,97","152,29","-0,404037645","-114,33","21,296","172,15","-68,53","39,85","-222,01","0,787705227","-40,97","-62,96","0,00","-40,97","0,76255845","-62,96","-40,97","0,00","-62,96"
"22","12,014","3,007","22,000","-0,008851309","12,138","-0,998082028","23/07/2020","518 118","-33 165","-290 690","-0,803255727","-1 622 841","1 981 475","240 747","12,777","-0,13235175","-17 627","534 096","-53 017","326 658","18,623","-432 162","-265 569","74 336","-161 338","1 130 872","0,017701925","-683 910","-1 310 470","-1 431 214","-822 780","1 698 857","-39,90","17,51","5,78","-48,80","128,59","0,551426681","-101,87","21,610","296,25","-68,78","46,51","-165,19","-0,999755173","-48,80","-82,28","-3,32","-48,80","0,956375928","-82,28","-48,80","-3,32","-82,28"
"23","13,947","3,973","23,000","-0,846220404","14,397","-0,59135753","24/07/2020","480 677","-44 049","163 053","0,166480004","-1 803 940","2 307 029","262 330","15,155","0,76255845","27 954","339 251","-11 082","406 102","21,001","-379 247","-324 414","-28 180","-156 503","1 295 101","0,901788348","-705 493","-704 823","-1 499 594","-966 626","1 841 312","-42,64","13,55","6,75","-46,10","141,13","0,99991186","-110,96","24,701","243,10","-77,78","10,96","-158,83","0,814189722","-46,10","-96,66","-4,40","-46,10","0,270905788","-96,66","-46,10","-4,40","-96,66"
"24","14,167","4,083","24,000","-0,905578362","14,654","0,359058354","25/07/2020","482 695","39 866","315 479","0,954285094","-2 343 795","2 481 975","232 570","15,425","0,956375928","-45 253","68 567","-89 633","511 346","21,271","-283 785","-698 383","-28 542","-179 274","1 431 850","-0,768254661","-1 297 602","-907 120","-1 342 341","-1 131 817","1 353 903","-47,13","22,18","2,30","-59,27","104,27","0,529082686","-54,60","25,053","227,00","-75,93","3,61","-176,30","-0,304810621","-59,27","-113,18","3,99","-59,27","-0,663633884","-113,18","-59,27","3,99","-113,18"
"25","14,456","4,228","25,000","-0,13235175","14,992","0,979357643","26/07/2020","442 808","29 071","307 799","0,699240032","-2 316 395","2 105 493","200 929","15,781","0,270905788","-0,5422","132 246","-183 087","561 901","21,627","-242 022","-800 118","27 176","-227 161","1 463 423","-0,262374854","-920 987","-918 937","-1 267 884","-1 519 011","1 472 717","-33,72","12,19","6,84","-81,05","90,86","-0,428182669","-68,05","25,515","151,27","-106,35","-35,71","-172,80","-0,325795555","-81,05","-151,90","2,91","-81,05","-0,988031624","-151,90","-81,05","2,91","-151,90"
"26","14,583","4,292","26,000","0,76255845","15,141","0,699240032","27/07/2020","492 198","355 868","306 255","-0,319939962","-1 914 263","2 109 677","218 809","15,938","-0,663633884","-179 812","-100 390","-168 121","421 970","21,784","-312 896","-844 563","65 655","-129 815","1 480 450","0,986627592","-1 273 821","-247 484","-1 268 819","-1 338 972","1 469 317","-33,98","7,15","-11,43","-86,40","97,44","-0,991778853","-67,70","25,719","151,10","-85,91","-37,39","-94,95","0,826828679","-86,40","-133,90","35,59","-86,40","-0,404037645","-133,90","-86,40","35,59","-133,90"
"27","16,817","5,409","27,000","0,956375928","17,751","-0,22375564","28/07/2020","461 559","219 770","138 654","-0,989487083","-1 578 752","2 415 959","236 917","18,685","-0,988031624","-37 552","-70 389","-200 468","529 770","24,531","-257 730","-616 188","47 104","-122 932","1 334 598","-0,558789049","-1 378 042","-429 795","-1 453 660","-1 636 924","1 345 497","-25,19","11,46","-9,72","-102,98","88,69","-0,643538133","-89,90","29,291","98,68","-114,05","-8,72","-43,45","-0,99902148","-102,98","-163,69","21,98","-102,98","0,551426681","-163,69","-102,98","21,98","-163,69"
"28","10,463","2,231","28,000","0,270905788","10,326","-0,941031408","29/07/2020","444 241","451 632","154 240","-0,577715044","-1 575 005","2 147 342","220 505","10,869","-0,404037645","-44 045","109 361","-116 423","389 221","16,716","-144 156","-738 972","-60 399","-101 765","1 048 856","-0,521551002","-1 911 024","-842 849","-1 764 799","-1 905 140","1 604 440","-28,31","19,06","0,00","-126,31","69,50","0,296368579","-123,70","19,130","73,78","-135,63","43,01","-53,47","0,773890682","-126,31","-190,51","45,16","-126,31","0,99991186","-190,51","-126,31","45,16","-190,51"
"29","10,660","2,330","29,000","-0,663633884","10,556","-0,793127239","30/07/2020","431 671","533 682","101 446","0,465388476","-1 482 528","2 518 123","190 689","11,111","0,551426681","31 863","-162 559","-191 293","445 898","16,958","-24 776","-819 616","44 526","-36 151","1 159 103","0,992872648","-1 189 037","-944 702","-2 033 888","-2 072 190","1 563 064","-34,22","17,31","-2,55","-119,68","86,05","0,963795386","-88,46","19,445","97,92","-141,52","9,74","-72,98","-0,240973677","-119,68","-207,22","53,37","-119,68","0,529082686","-207,22","-119,68","53,37","-207,22"
"30","10,694","2,347","30,000","-0,988031624","10,596","0,083974456","31/07/2020","361 403","346 079","57 302","0,99991186","-1 309 437","2 513 977","202 983","11,154","0,99991186","38 351","-180 134","-252 411","416 225","17,000","81 215","-685 897","36 843","139 700","1 199 416","-0,304810621","-885 775","-1 048 078","-2 370 208","-2 316 200","1 517 555","-36,39","6,44","-5,65","-115,29","68,14","0,74511316","-102,78","19,500","132,47","-173,55","0,00","-36,82","-0,387781635","-115,29","-231,62","34,61","-115,29","-0,428182669","-231,62","-115,29","34,61","-231,62"
"31","11,377","2,689","31,000","-0,404037645","11,394","0,883870424","01/08/2020","433 686","256 436","-158 741","0,441723807","-1 349 980","2 392 743","292 404","11,994","0,529082686","-79 896","-129 505","-292 677","405 516","17,840","41 062","-563 953","35 803","-38 122","991 892","-0,739180697","-498 461","-1 477 794","-2 485 894","-2 413 887","1 377 190","-44,08","-8,20","-7,03","-113,88","59,00","-0,158622669","-99,93","20,592","84,70","-169,23","-14,47","45,02","0,86231124","-113,88","-241,39","25,64","-113,88","-0,991778853","-241,39","-113,88","25,64","-241,39"
"32","11,505","2,752","32,000","0,551426681","11,543","0,87114","02/08/2020","390 117","498 924","-141 304","-0,599183449","-1 816 912","2 583 702","301 555","12,151","-0,428182669","-77 238","-209 660","-375 931","439 942","17,997","98 174","-509 630","-48 686","-123 862","1 124 301","0,920026038","-402 295","-1 351 780","-2 840 408","-2 395 935","1 645 016","-49,07","-12,21","-7,56","-124,76","51,67","-0,916521548","-112,86","20,796","82,39","-188,25","-12,24","65,82","-0,993888654","-124,76","-239,59","49,89","-124,76","-0,643538133","-239,59","-124,76","49,89","-239,59"
"33","13,229","3,615","33,000","0,99991186","13,558","0,057487478","03/08/2020","372 746","584 336","-169 867","-0,985298384","-1 415 784","2 709 170","298 503","14,272","-0,991778853","-0,4742","-56 638","-495 836","392 353","20,118","146 464","-607 262","-146 759","-196 334","1 223 498","-0,026551154","-177 485","-2 198 363","-2 796 983","-1 946 002","1 120 494","-41,05","-13,24","-11,60","-127,91","65,46","-0,831774743","-140,61","23,553","196,65","-167,20","-1,97","82,24","0,730183859","-127,91","-194,60","58,43","-127,91","0,296368579","-194,60","-127,91","58,43","-194,60"
"34","13,287","3,644","34,000","0,529082686","13,626","-0,809018766","04/08/2020","395 610","571 768","-94 169","-0,294671602","-1 703 551","2 935 380","253 634","14,343","-0,643538133","-40 311","56 151","-587 444","441 498","20,189","138 780","-702 221","-118 848","-245 964","1 478 843","-0,897927681","211 592","-2 762 710","-2 734 779","-1 659 932","1 655 946","-43,24","-3,19","-14,28","-122,34","94,52","0,017701925","-108,48","23,646","245,50","-184,75","-34,83","65,82","-0,17607562","-122,34","-165,99","57,18","-122,34","0,963795386","-165,99","-122,34","57,18","-165,99"
"35","17,535","5,767","35,000","-0,428182669","18,589","-0,931716888","05/08/2020","385 292","595 455","-64 872","0,717974593","-2 471 124","2 707 208","288 204","19,568","0,296368579","240 326","-54 318","-736 730","491 979","25,414","27 724","-653 336","-81 847","-248 902","1 449 295","0,773890682","316 529","-3 475 325","-2 703 147","-1 406 340","1 440 106","-35,06","-1,44","-14,98","-124,87","96,57","0,850903525","-171,28","30,438","309,14","-221,35","-23,86","79,30","-0,448060142","-124,87","-140,63","59,55","-124,87","0,74511316","-140,63","-124,87","59,55","-140,63"
"36","17,708","5,854","36,000","-0,991778853","18,792","-0,1977988","06/08/2020","321 917","561 968","75 201","0,946012583","-2 215 386","2 560 172","258 629","19,781","0,963795386","161 124","28 482","-709 995","349 527","25,627","86 545","-746 131","-37 498","-296 798","1 129 652","0,253823363","870 473","-3 023 637","-2 638 616","-1 198 620","1 229 485","-45,08","7,23","-10,80","-133,50","132,54","0,901788348","-157,30","30,716","190,69","-222,44","19,28","14,70","0,893996664","-133,50","-119,86","56,20","-133,50","-0,158622669","-119,86","-133,50","56,20","-119,86"
"37","18,391","6,196","37,000","-0,643538133","19,590","0,717974593","07/08/2020","333 000","631 609","103 843","0,140240684","-2 503 199","2 158 730","293 183","20,621","0,74511316","77 422","-183 872","-651 653","443 852","26,467","49 677","-862 207","-66 138","-355 865","1 178 113","-0,98514626","766 866","-2 640 259","-2 632 237","-1 433 031","1 166 137","-51,35","17,73","-19,11","-111,84","137,42","0,123573123","-215,64","31,808","189,79","-237,43","39,42","-8,71","-0,984379297","-111,84","-143,30","63,16","-111,84","-0,916521548","-143,30","-111,84","63,16","-143,30"
"38","12,280","3,140","38,000","0,296368579","12,449","0,973645456","08/08/2020","378 495","773 646","16 293","-0,818787322","-2 377 284","1 877 672","325 452","13,105","-0,158622669","188 194","-131 898","-808 634","752 415","18,951","58 377","-965 005","-109 946","-507 617","1 066 606","0,566107637","900 399","-2 620 111","-2 716 482","-1 214 621","1 173 002","-48,61","12,85","-19,11","-112,84","116,42","-0,768254661","-193,20","22,036","201,00","-205,22","76,09","-10,77","0,683261715","-112,84","-121,46","77,36","-112,84","-0,831774743","-121,46","-112,84","77,36","-121,46"
"39","12,639","3,319","39,000","0,963795386","12,869","0,334151177","09/08/2020","348 045","807 995","214 232","-0,883038191","-2 729 632","1 077 926","357 622","13,546","-0,916521548","259 844","-206 696","-910 403","615 383","19,392","50 367","-996 900","-59 785","-818 494","1 255 762","0,513978456","891 527","-2 439 510","-2 589 300","-812 175","1 080 921","-44,65","1,42","-30,82","-139,99","133,18","-0,953752653","-163,75","22,610","208,69","-171,27","122,27","58,11","-0,110402224","-139,99","-81,22","80,80","-139,99","0,017701925","-81,22","-139,99","80,80","-81,22"
"40","12,743","3,372","40,000","0,74511316","12,990","-0,612560153","10/08/2020","297 466","813 360","11 693","0,017701925","-2 864 889","1 016 348","343 322","13,674","-0,831774743","272 453","-300 647","-869 394","574 524","19,520","79 161","-789 273","-139 363","-796 617","1 364 341","-0,993888654","1 053 110","-2 215 237","-2 417 714","-711 119","984 722","-47,32","-6,79","-30,02","-144,83","147,61","-0,262374854","-181,24","22,776","139,88","-150,15","117,94","46,41","-0,506365641","-144,83","-71,11","81,34","-144,83","0,850903525","-71,11","-144,83","81,34","-71,11"
"41","12,778","3,389","41,000","-0,158622669","13,031","-0,996086503","11/08/2020","297 633","907 281","254 357","0,89909724","-2 936 045","553 023","335 900","13,717","0,017701925","258 757","-512 968","-838 176","592 658","19,563","114 921","-584 198","-301 121","-760 268","1 313 707","0,313228782","1 103 988","-2 648 001","-2 370 050","-794 465","1 144 636","-50,85","4,04","-30,50","-126,20","141,31","0,670229176","-214,20","22,832","71,83","-171,41","132,41","34,94","0,921745425","-126,20","-79,45","90,73","-126,20","0,901788348","-79,45","-126,20","90,73","-79,45"
"42","12,801","3,400","42,000","-0,916521548","13,058","-0,463815516","12/08/2020","340 146","1 007 874","-25 570","0,797952117","-2 561 975","578 739","348 022","13,745","0,850903525","245 629","-485 524","-787 383","881 908","19,591","70 683","-552 918","-254 743","-907 344","1 137 018","0,73319032","1 583 261","-2 740 804","-2 072 210","-835 000","1 695 319","-47,09","17,21","-29,88","-121,67","127,14","0,986627592","-233,32","22,869","10,03","-178,64","111,46","43,16","-0,970535284","-121,67","-83,50","100,79","-121,67","0,123573123","-83,50","-121,67","100,79","-83,50"
"43","12,859","3,429","43,000","-0,831774743","13,126","0,494885318","13/08/2020","336 663","1 074 974","43 396","-0,17520127","-2 652 125","548 763","319 389","13,816","0,901788348","274 062","-709 935","-840 119","651 055","19,662","136 375","-680 026","-328 487","-876 570","1 151 345","-0,923458447","1 489 133","-3 039 017","-2 301 889","-807 831","1 943 608","-47,65","21,84","-21,72","-108,55","136,81","0,39592515","-238,76","22,961","-127,39","-178,44","153,25","91,40","0,633330867","-108,55","-80,78","107,50","-108,55","-0,768254661","-80,78","-108,55","107,50","-80,78"
"44","12,882","3,441","44,000","0,017701925","13,153","0,998590872","14/08/2020","338 683","1 057 605","143 863","-0,95689335","-3 459 138","390 994","273 679","13,845","0,123573123","368 235","-827 803","-741 802","516 474","19,691","153 706","-708 991","-323 906","-911 121","966 626","0,035398303","1 301 972","-3 340 564","-1 606 590","-945 630","1 937 488","-55,92","33,33","-28,91","-121,54","126,22","-0,558789049","-260,94","22,998","-74,06","-176,03","166,86","134,93","-0,044242678","-121,54","-94,56","105,76","-121,54","-0,953752653","-94,56","-121,54","105,76","-94,56"
"45","12,917","3,458","45,000","0,850903525","13,193","0,584196584","15/08/2020","425 147","1 071 693","374 795","-0,692884954","-3 409 274","693 858","234 971","13,888","-0,768254661","380 888","-620 710","-865 018","365 967","19,734","163 162","-779 018","-326 069","-804 683","1 024 764","0,893996664","1 364 597","-3 098 234","-1 568 847","-812 856","2 044 489","-55,09","50,13","-26,18","-123,93","122,42","-0,999755173","-243,46","23,054","-26,97","-148,53","137,76","71,95","-0,562441389","-123,93","-81,29","107,17","-123,93","-0,262374854","-81,29","-123,93","107,17","-81,29"
"46","12,940","3,470","46,000","0,901788348","13,220","-0,367305349","16/08/2020","452 874","1 134 716","223 826","0,328313494","-3 886 901","434 347","171 477","13,916","-0,953752653","452 594","-574 124","-825 843","508 963","19,762","161 863","-828 636","-272 860","-718 637","957 162","-0,77946607","1 455 409","-2 346 981","-1 573 731","-450 749","2 718 170","-47,68","47,67","-43,02","-119,08","99,76","-0,521551002","-202,23","23,091","25,54","-156,74","163,38","27,31","0,945435334","-119,08","-45,07","113,47","-119,08","0,670229176","-45,07","-119,08","113,47","-45,07"
"47","12,986","3,493","47,000","0,123573123","13,274","-0,981108439","17/08/2020","520 367","995 021","257 359","0,990728409","-3 770 663","-546 841","182 081","13,973","-0,262374854","419 973","-522 687","-810 956","763 337","19,819","131 431","-869 903","-259 817","-649 633","844 179","-0,245251985","1 671 706","-2 475 622","-1 804 382","-1 173 544","3 089 925","-48,56","56,01","-44,99","-106,04","99,60","0,436164755","-144,71","23,165","134,31","-120,73","139,38","-6,13","-0,952417574","-106,04","-117,35","99,50","-106,04","0,986627592","-117,35","-106,04","99,50","-117,35"
"48","12,986","3,493","48,000","-0,768254661","13,274","-0,692884954","18/08/2020","514 503","912 192","212 158","0,570467634","-3 790 933","-1 125 404","142 380","13,973","0,670229176","404 142","-965 705","-917 505","724 121","19,819","139 088","-709 413","-335 412","-779 923","1 000 407","0,983587745","1 639 142","-1 365 509","-1 956 493","-1 201 626","2 865 540","-48,19","40,57","-47,13","-108,92","103,14","0,992872648","-152,90","23,165","97,21","-122,74","82,12","-55,41","0,580611184","-108,92","-120,16","91,22","-108,92","0,39592515","-120,16","-108,92","91,22","-120,16"
"49","13,009","3,505","49,000","-0,953752653","13,301","0,232373762","19/08/2020","410 676","1 061 760","118 372","-0,473204597","-3 827 868","-1 041 580","134 242","14,001","0,986627592","308 682","-1 065 804","-870 276","839 537","19,848","141 626","-653 283","-319 904","-771 705","1 005 855","-0,573381872","1 995 072","-1 153 960","-2 108 619","-1 271 302","2 490 151","-39,75","44,82","-58,03","-117,00","134,58","0,636738007","-178,84","23,202","134,94","-143,62","75,90","-62,84","0,022111688","-117,00","-127,13","106,18","-117,00","-0,558789049","-127,13","-117,00","106,18","-127,13"
"50","13,090","3,545","50,000","-0,262374854","13,396","0,943989113","20/08/2020","373 389","958 217","39 800","-0,999755173","-4 228 951","-1 055 653","168 235","14,101","0,39592515","436 574","-872 161","-1 115 419","569 380","19,947","163 826","-772 272","-295 616","-698 881","862 645","-0,506365641","1 965 230","-1 634 890","-1 950 861","-904 612","2 246 890","-25,09","53,06","-53,72","-123,98","150,21","-0,304810621","-189,24","23,331","107,33","-128,34","116,11","-75,85","-0,616040459","-123,98","-90,46","95,82","-123,98","-0,999755173","-90,46","-123,98","95,82","-90,46"
"51","13,194","3,597","51,000","0,670229176","13,518","0,787705227","21/08/2020","223 832","890 928","-120 384","-0,433765541","-3 798 568","-768 588","117 319","14,229","-0,558789049","597 442","-808 981","-942 206","711 541","20,075","196 973","-540 491","-276 447","-819 277","775 661","0,994826791","2 093 678","-2 028 504","-1 868 551","-939 245","2 719 773","-36,42","52,28","-63,44","-130,64","128,27","-0,96611777","-141,73","23,498","158,67","-126,30","142,45","-88,41","0,964962074","-130,64","-93,92","89,09","-130,64","-0,521551002","-93,92","-130,64","89,09","-93,92"
"52","13,356","3,678","52,000","0,986627592","13,707","-0,092791212","22/08/2020","395 499","739 514","-253 196","0,606246439","-3 730 520","-890 022","121 020","14,428","-0,999755173","427 575","-633 039","-1 193 061","912 158","20,275","153 986","-604 665","-251 888","-856 802","753 414","-0,321622403","2 373 701","-1 917 150","-2 081 063","-946 064","2 844 855","-37,17","38,32","-64,80","-140,28","148,11","-0,739180697","-133,80","23,757","252,54","-122,00","166,64","-58,26","-0,93010595","-140,28","-94,61","73,95","-140,28","0,436164755","-94,61","-140,28","73,95","-94,61"
"53","13,472","3,736","53,000","0,39592515","13,842","-0,887975838","23/08/2020","486 017","448 894","-401 562","0,983747608","-3 811 595","-735 062","132 486","14,571","-0,521551002","450 396","-784 078","-1 342 952","1 231 068","20,417","211 646","-760 837","-234 777","-794 570","1 032 428","-0,7271425","1 769 404","-2 877 535","-2 112 579","-565 689","3 038 867","-36,28","46,03","-66,01","-138,40","143,07","0,1673557","-139,81","23,942","295,00","-130,75","144,39","6,01","0,525334814","-138,40","-56,57","44,89","-138,40","0,992872648","-56,57","-138,40","44,89","-56,57"
"54","13,472","3,736","54,000","-0,558789049","13,842","-0,866759574","24/08/2020","510 271","439 747","-669 665","0,28620176","-3 746 443","-450 945","170 480","14,571","0,436164755","312 688","-787 265","-1 277 880","1 394 997","20,417","304 981","-815 646","-190 179","-662 026","1 134 600","0,926818505","2 452 977","-2 438 072","-2 159 124","-610 687","2 780 970","-27,38","37,24","-62,64","-137,16","146,37","0,920026038","-157,52","23,942","239,97","-154,04","162,59","34,22","0,088368686","-137,16","-61,07","43,97","-137,16","0,636738007","-61,07","-137,16","43,97","-61,07"
"55","13,472","3,736","55,000","-0,999755173","13,842","-0,048648555","25/08/2020","417 379","533 013","-964 909","-0,724107592","-3 318 282","-382 889","214 982","14,571","0,992872648","176 902","-868 001","-1 391 969","1 638 576","20,417","163 756","-862 598","-183 603","-631 129","1 296 514","-0,044242678","2 565 309","-2 553 783","-2 194 487","-135 273","3 462 104","-36,27","33,72","-67,18","-144,32","149,66","0,826828679","-139,32","23,942","163,58","-154,34","190,95","31,22","-0,666926831","-144,32","-13,53","53,30","-144,32","-0,304810621","-13,53","-144,32","53,30","-13,53"
"56","13,484","3,742","56,000","-0,521551002","13,856","0,814189722","26/08/2020","329 275","712 959","-988 173","-0,94310655","-3 193 441","-301 109","183 173","14,585","0,636738007","310 683","-677 760","-1 526 742","1 449 266","20,431","113 847","-644 362","-69 326","-560 909","1 142 367","-0,889995604","2 248 149","-1 875 514","-2 285 828","25 213","3 501 324","-45,63","32,56","-74,79","-137,33","168,96","-0,026551154","-74,97","23,961","248,28","-161,91","168,61","63,52","0,980239659","-137,33","2,52","71,30","-137,33","-0,96611777","2,52","-137,33","71,30","2,52"
"57","13,507","3,753","57,000","0,436164755","13,883","0,928465723","27/08/2020","336 654","472 541","-977 194","-0,131471354","-4 037 233","-202 193","182 247","14,614","-0,304810621","191 704","-651 264","-1 723 378","1 506 981","20,460","10 673","-843 118","-159 980","-582 163","987 558","0,784980389","1 780 887","-1 239 485","-2 466 890","99 701","4 035 173","-47,31","36,30","-89,17","-120,96","177,73","-0,855519979","-117,92","23,998","354,12","-157,27","176,65","74,27","-0,903698659","-120,96","9,97","47,25","-120,96","-0,739180697","9,97","-120,96","47,25","9,97"
"58","13,530","3,765","58,000","0,992872648","13,910","0,18911462","28/08/2020","392 315","329 988","-845 877","0,823836757","-3 347 341","-734 094","185 090","14,642","-0,96611777","151 064","-633 919","-1 767 945","1 808 230","20,488","100 468","-758 703","-187 807","-518 736","1 230 755","0,236661393","1 943 379","-1 958 696","-2 932 485","192 718","3 901 285","-49,79","25,25","-89,40","-118,21","185,54","-0,897927681","-135,59","24,035","379,52","-159,05","164,14","101,83","0,467745162","-118,21","19,27","33,00","-118,21","0,1673557","19,27","-118,21","33,00","19,27"
"59","13,576","3,788","59,000","0,636738007","13,964","-0,724107592","29/08/2020","222 416","305 256","-334 899","0,87884967","-3 060 175","-758 384","191 692","14,699","-0,739180697","26 652","-791 207","-1 577 352","1 913 649","20,545","121 516","-729 827","-215 621","-664 355","1 258 591","-0,981952169","2 129 886","-1 949 831","-2 543 952","233 045","3 884 393","-45,80","33,35","-93,22","-123,20","191,68","-0,114784814","-151,68","24,109","443,40","-159,37","192,59","94,42","0,154236558","-123,20","23,30","30,53","-123,20","0,920026038","23,30","-123,20","30,53","23,30"
"60","13,600","3,800","60,000","-0,304810621","13,991","-0,971588624","30/08/2020","140 863","370 119","-137 733","-0,026551154","-3 355 846","-775 163","155 890","14,727","0,1673557","-20 442","-825 136","-1 718 920","2 132 465","20,574","215 881","-867 421","-231 480","-677 601","1 455 828","0,580611184","2 093 342","-2 052 723","-2 476 632","425 019","4 153 790","-48,76","21,85","-91,83","-128,78","188,54","0,773890682","-109,41","24,146","397,99","-154,36","196,06","152,85","-0,71487643","-128,78","42,50","37,01","-128,78","0,826828679","42,50","-128,78","37,01","42,50"
"61","13,611","3,806","61,000","-0,96611777","14,005","-0,325795555","31/08/2020","97 873","340 744","-104 371","-0,902936671","-3 199 214","-509 357","145 123","14,742","0,920026038","126 118","-794 314","-1 682 409","2 212 320","20,588","269 231","-951 102","-130 776","-781 797","1 353 920","0,498713154","2 525 709","-1 991 775","-2 563 704","-181 539","4 117 066","-53,56","19,71","-102,84","-135,75","201,77","0,951054653","-44,69","24,164","362,98","-112,38","178,66","139,81","0,991200817","-135,75","-18,15","34,07","-135,75","-0,026551154","-18,15","-135,75","34,07","-18,15"
"62","13,623","3,811","62,000","-0,739180697","14,018","0,619532444","01/09/2020","86 947","266 364","159 828","-0,792585989","-3 632 843","-802 212","150 388","14,756","0,826828679","251 856","-747 052","-1 800 132","2 439 673","20,602","236 321","-1 083 248","-167 399","-644 962","1 320 856","-0,995686987","2 608 750","-2 145 306","-2 737 344","-439 703","4 091 570","-63,23","29,50","-99,00","-145,02","206,07","0,253823363","-18,77","24,183","249,59","-149,67","115,27","158,85","-0,873311983","-145,02","-43,97","26,64","-145,02","-0,855519979","-43,97","-145,02","26,64","-43,97"
"63","13,657","3,829","63,000","0,1673557","14,059","0,995265171","02/09/2020","86 715","188 669","-154 555","0,183908809","-3 867 787","-709 104","140 391","14,799","-0,026551154","369 046","-836 455","-1 661 874","2 714 453","20,645","136 248","-1 096 741","-235 269","-641 183","1 126 573","0,329990826","2 480 070","-1 985 363","-3 244 535","-501 977","4 128 881","-60,73","34,41","-101,69","-126,79","208,59","-0,676771957","-64,85","24,238","290,56","-152,15","122,33","198,51","0,408095822","-126,79","-50,20","18,87","-126,79","-0,897927681","-50,20","-126,79","18,87","-50,20"
"64","13,704","3,852","64,000","0,920026038","14,113","0,45595569","03/09/2020","14 034","134 561","-131 987","0,959426635","-4 547 222","-992 160","94 485","14,856","-0,855519979","503 825","-757 684","-1 631 090","2 735 168","20,702","117 583","-994 394","-266 224","-708 263","967 451","0,721037711","2 600 851","-2 090 785","-3 081 591","-588 130","4 652 684","-66,56","45,19","-100,33","-132,81","200,37","-0,98514626","-38,74","24,312","326,00","-135,13","87,46","267,46","0,219425258","-132,81","-58,81","13,46","-132,81","-0,114784814","-58,81","-132,81","13,46","-58,81"
"65","13,877","3,939","65,000","0,826828679","14,316","-0,50255735","04/09/2020","68 226","129 121","0,1133","0,686475591","-4 556 815","-1 460 136","111 136","15,069","-0,897927681","495 972","-730 319","-1 758 526","2 705 228","20,915","18 356","-1 037 661","-240 557","-477 252","863 317","-0,93010595","2 822 371","-1 774 449","-2 976 899","-568 052","5 511 448","-77,12","48,87","-90,87","-140,66","195,82","-0,387781635","-22,77","24,590","346,73","-145,26","86,37","209,61","-0,759678112","-140,66","-56,81","12,91","-140,66","0,773890682","-56,81","-140,66","12,91","-56,81"
"66","13,900","3,950","66,000","-0,026551154","14,343","-0,99902148","05/09/2020","156 014","194 603","118 454","-0,336661303","-4 417 637","-1 913 569","78 513","15,098","-0,114784814","567 425","-1 063 707","-1 939 186","2 575 732","20,944","-61 721","-900 095","-232 555","-630 382","990 045","0,053083587","2 821 900","-1 615 800","-3 320 803","-472 499","5 626 001","-79,73","43,11","-84,32","-136,35","182,25","0,566107637","-28,07","24,627","387,78","-114,80","81,77","178,73","0,997797279","-136,35","-47,25","19,46","-136,35","0,951054653","-47,25","-136,35","19,46","-47,25"
"67","13,981","3,991","67,000","-0,855519979","14,437","-0,576989869","06/09/2020","166 305","151 792","-113 172","-0,991892114","-4 097 929","-1 900 449","65 552","15,197","0,773890682","682 643","-1 238 191","-2 076 452","2 553 383","21,043","-70 045","-981 974","-211 697","-541 200","1 003 277","0,885924816","3 254 632","-2 513 624","-2 999 643","-487 606","5 581 139","-87,27","47,58","-86,99","-149,61","175,27","0,999520159","-5,72","24,756","397,96","-133,02","68,79","194,24","-0,839079729","-149,61","-48,76","15,18","-149,61","0,253823363","-48,76","-149,61","15,18","-48,76"
"68","13,981","3,991","68,000","-0,897927681","14,437","0,375523567","07/09/2020","261 440","174 798","-569 948","-0,563175528","-4 254 496","-1 887 758","107 170","15,197","0,951054653","786 084","-1 352 107","-2 171 443","2 539 454","21,043","-189 621","-1 040 076","-68 794","-590 830","751 906","-0,790433207","3 022 244","-3 087 612","-3 185 083","-660 170","5 337 178","-89,12","45,91","-87,44","-144,12","165,08","0,513978456","70,02","24,756","425,69","-162,24","70,67","185,69","0,346649455","-144,12","-66,02","17,48","-144,12","-0,676771957","-66,02","-144,12","17,48","-66,02"
"69","14,051","4,025","69,000","-0,114784814","14,519","0,982782367","08/09/2020","261 441","-15 989","-508 812","0,480983643","-3 251 176","-1 987 615","121 652","15,283","0,253823363","681 127","-1 280 329","-2 062 578","2 504 738","21,129","-213 878","-888 152","-41 215","-576 519","764 262","-0,22805226","3 147 977","-3 582 711","-3 352 835","-460 369","6 156 175","-77,48","39,33","-94,22","-123,80","173,08","-0,444112669","58,26","24,867","457,97","-197,58","62,48","184,79","0,283647732","-123,80","-46,04","-1,60","-123,80","-0,98514626","-46,04","-123,80","-1,60","-46,04"
"70","14,178","4,089","70,000","0,773890682","14,667","0,686475591","09/09/2020","192 952","-154 809","-564 149","0,999520159","-3 502 489","-1 681 842","144 809","15,439","-0,676771957","674 796","-1 390 453","-1 970 138","2 508 739","21,285","-154 003","-1 000 433","-0,8488","-755 391","759 778","0,980239659","2 997 506","-3 197 570","-3 306 143","0,8988","6 707 249","-67,92","64,46","-90,59","-141,47","154,72","-0,993888654","98,52","25,071","570,60","-207,25","113,45","115,65","-0,801134595","-141,47","0,00","-15,48","-141,47","-0,387781635","0,00","-141,47","-15,48","0,00"
"71","14,190","4,095","71,000","0,951054653","14,681","-0,240973677","10/09/2020","176 892","-12 012","-616 995","0,425773291","-3 606 825","-1 650 768","181 237","15,453","-0,98514626","721 552","-1 436 542","-1 800 011","2 362 140","21,300","-265 996","-1 200 663","123 781","-891 167","790 761","-0,587795007","3 199 661","-3 233 663","-3 404 721","99 315","7 004 408","-66,88","76,89","-84,79","-149,17","142,86","-0,629887994","91,68","25,090","567,59","-199,87","83,99","108,57","1","-149,17","9,93","-1,20","-149,17","0,566107637","9,93","-149,17","-1,20","9,93"
"72","14,340","4,170","72,000","0,253823363","14,857","-0,946872858","11/09/2020","149 398","137 614","-608 348","-0,613261932","-3 755 590","-2 687 621","193 315","15,639","-0,387781635","563 395","-1 479 883","-1 898 320","2 165 339","21,485","-288 001","-1 335 280","150 974","-993 202","897 822","-0,491021594","2 868 124","-2 622 319","-3 183 142","134 064","7 119 701","-68,58","69,92","-81,96","-140,09","150,02","0,313228782","38,86","25,330","574,11","-206,80","77,16","119,16","-0,801152636","-140,09","13,41","13,76","-140,09","0,999520159","13,41","-140,09","13,76","13,41"
"73","14,421","4,211","73,000","-0,676771957","14,951","-0,7822215","12/09/2020","163 569","125 444","-952 175","-0,982119758","-4 082 162","-2 755 890","164 331","15,738","0,566107637","638 095","-1 241 541","-2 015 305","2 264 275","21,584","-289 229","-1 444 662","72 760","-1 182 901","869 045","0,996469173","2 538 195","-2 324 576","-3 187 983","88 940","6 465 119","-70,89","58,73","-91,90","-152,42","136,75","0,968364461","48,65","25,460","597,12","-211,49","37,87","157,49","0,283676639","-152,42","8,89","12,54","-152,42","0,513978456","8,89","-152,42","12,54","8,89"
"74","14,421","4,211","74,000","-0,98514626","14,951","0,101600698","13/09/2020","289 543","157 269","-996 737","-0,277709495","-2 999 347","-2 477 361","176 673","15,738","0,999520159","658 042","-1 269 292","-2 032 424","1 924 549","21,584","-155 303","-1 497 300","39 323","-1 063 616","904 369","-0,338333394","2 341 347","-1 946 223","-2 926 562","101 178","6 343 510","-66,05","53,78","-101,88","-145,52","111,19","0,73319032","44,71","25,460","575,85","-191,61","54,12","229,44","0,34662118","-145,52","10,12","15,73","-145,52","-0,444112669","10,12","-145,52","15,73","10,12"
"75","14,479","4,240","75,000","-0,387781635","15,019","0,892011683","14/09/2020","254 144","130 389","-931 165","0,730183859","-2 334 046","-2 137 292","129 222","15,809","0,513978456","560 053","-1 495 044","-1 744 002","1 824 992","21,656","-99 156","-1 341 699","-0,2628","-944 332","1 206 105","-0,71487643","2 432 884","-2 184 079","-2 631 998","-86 911","6 667 286","-65,09","67,64","-104,94","-150,20","128,03","-0,17607562","23,51","25,552","533,23","-165,40","41,45","227,09","-0,839063329","-150,20","-8,69","13,04","-150,20","-0,993888654","-8,69","-150,20","13,04","-8,69"
"76","14,734","4,367","76,000","0,566107637","15,316","0,86231124","15/09/2020","250 099","-27 083","-880 042","0,940126627","-2 093 973","-2 455 185","112 239","16,123","-0,444112669","612 958","-1 597 687","-1 819 413","1 855 835","21,969","-58 320","-1 292 097","-86 587","-1 042 561","1 401 753","0,933320524","2 857 102","-1 811 892","-2 242 324","-519 093","6 510 932","-69,03","72,80","-108,30","-154,51","132,57","-0,923458447","19,16","25,959","540,20","-156,46","50,18","263,93","0,997799279","-154,51","-51,91","-2,71","-154,51","-0,629887994","-51,91","-154,51","-2,71","-51,91"
"77","15,093","4,546","77,000","0,999520159","15,736","0,03980582","16/09/2020","220 180","0,2043","-1 037 240","0,122691725","-2 764 149","-2 654 210","143 640","16,564","-0,993888654","814 635","-1 559 857","-1 701 778","1 969 438","22,410","-128 097","-1 246 662","-239 074","-989 200","1 786 835","-0,061920337","2 843 043","-984 695","-2 469 220","-555 304","6 152 781","-83,43","63,52","-111,89","-152,48","149,44","-0,821817837","1,39","26,533","541,44","-196,58","21,94","282,62","-0,759697714","-152,48","-55,53","0,00","-152,48","0,313228782","-55,53","-152,48","0,00","-55,53"
"78","15,208","4,604","78,000","0,513978456","15,871","-0,819296887","17/09/2020","190 779","-84 001","-840 380","-0,828821647","-3 160 066","-2 889 351","125 607","16,706","-0,629887994","793 857","-1 532 295","-1 623 568","2 264 380","22,552","-104 407","-1 156 641","-139 153","-892 415","1 923 628","-0,881784619","2 772 598","-293 631","-2 594 635","-982 391","6 238 748","-96,05","74,88","-105,06","-149,27","167,77","0,035398303","-52,52","26,718","499,46","-215,36","-3,23","285,24","0,219454668","-149,27","-98,24","-8,40","-149,27","0,968364461","-98,24","-149,27","-8,40","-98,24"
"79","15,359","4,679","79,000","-0,444112669","16,047","-0,925141815","18/09/2020","-29 991","-33 232","-833 795","-0,874592293","-3 042 373","-2 950 503","124 026","16,891","0,313228782","788 742","-1 670 283","-1 757 574","2 001 844","22,737","-107 649","-1 031 853","-140 856","-614 661","2 111 171","0,795824097","3 096 702","-83 936","-2 537 121","-815 573","6 186 065","-113,21","86,78","-102,78","-158,94","199,34","0,860069406","-22,99","26,959","569,35","-198,54","-24,30","260,22","0,408068302","-158,94","-81,56","-3,32","-158,94","0,73319032","-81,56","-158,94","-3,32","-81,56"
"80","15,405","4,703","80,000","-0,993888654","16,101","-0,180415624","19/09/2020","-28 069","-0,4622","-1 007 734","0,035398303","-3 680 242","-2 638 915","168 811","16,948","0,968364461","734 675","-1 793 518","-1 790 822","1 975 758","22,794","-33 295","-1 191 808","-191 626","-639 157","1 993 091","0,219425258","3 343 083","617 732","-2 655 742","-655 742","6 228 653","-103,16","85,19","-113,34","-155,09","187,53","0,893996664","-38,17","27,033","539,11","-205,33","-36,05","274,87","-0,873297297","-155,09","-65,57","0,00","-155,09","-0,17607562","-65,57","-155,09","0,00","-65,57"
"81","15,475","4,737","81,000","-0,629887994","16,182","0,730183859","20/09/2020","-208 266","-74 494","-942 758","0,906705359","-3 889 169","-2 785 201","184 127","17,034","0,73319032","731 841","-1 924 046","-1 797 524","2 061 595","22,880","96 481","-1 215 851","-185 399","-746 633","2 109 881","-0,978450351","3 284 452","-89 598","-2 670 493","-849 795","6 856 693","-93,75","87,49","-107,89","-162,26","189,92","0,105987512","-42,02","27,144","517,79","-223,64","-24,26","338,77","0,991204807","-162,26","-84,98","-7,45","-162,26","-0,923458447","-84,98","-162,26","-7,45","-84,98"
"82","15,868","4,934","82,000","0,313228782","16,642","0,96945567","21/09/2020","-127 994","-239 844","-569 775","0,787157765","-3 921 035","-2 845 574","182 751","17,518","-0,17607562","818 249","-1 845 742","-1 735 922","2 302 857","23,364","170 026","-1 195 999","-275 005","-595 456","2 087 871","0,594932778","2 952 279","-511 851","-3 021 694","-970 746","6 966 879","-107,43","85,10","-106,20","-175,02","202,83","-0,77946607","-23,99","27,773","506,60","-240,37","-30,62","298,06","-0,714897508","-175,02","-97,07","-23,98","-175,02","-0,821817837","-97,07","-175,02","-23,98","-97,07"
"83","15,891","4,946","83,000","0,968364461","16,669","0,317414409","22/09/2020","-89 814","-49 028","-732 550","-0,19260194","-3 512 598","-2 685 097","126 917","17,546","-0,923458447","683 774","-1 724 844","-1 575 471","2 346 623","23,392","73 828","-1 254 166","-222 838","-547 069","2 227 865","0,483291564","3 191 189","-930 786","-2 796 442","-950 788","6 634 890","-104,53","85,78","-99,19","-150,34","186,97","-0,948282141","-51,60","27,810","565,16","-223,10","-2,45","298,33","0,154266342","-150,34","-95,08","-4,90","-150,34","0,035398303","-95,08","-150,34","-4,90","-95,08"
"84","16,076","5,038","84,000","0,73319032","16,885","-0,626456196","23/09/2020","31 361","43 764","-776 607","-0,961884751","-3 515 473","-2 739 958","137 393","17,774","-0,821817837","789 482","-1 635 856","-1 563 817","2 515 843","23,620","-25 049","-1 154 696","-198 669","-538 179","2 213 313","-0,997173289","3 479 224","-1 643 957","-2 690 461","-806 081","7 018 205","-109,01","103,97","-104,59","-144,84","167,64","-0,245251985","-69,36","28,106","513,13","-216,99","41,75","300,14","0,467718518","-144,84","-80,61","4,38","-144,84","0,860069406","-80,61","-144,84","4,38","-80,61"
"85","16,331","5,166","85,000","-0,17607562","17,183","-0,994365863","24/09/2020","32 214","70 642","-1 113 595","-0,680012445","-4 262 959","-2 531 009","117 677","18,087","0,035398303","681 650","-1 557 699","-1 608 834","2 418 777","23,933","-45 139","-983 350","-199 924","-268 421","2 090 776","0,346649455","3 790 955","-1 976 664","-2 771 384","-533 473","7 152 159","-102,40","102,48","-112,79","-139,41","163,48","0,683261715","-86,43","28,513","519,55","-192,53","78,89","286,32","-0,903685751","-139,41","-53,35","7,06","-139,41","0,893996664","-53,35","-139,41","7,06","-53,35"
"86","16,505","5,252","86,000","-0,923458447","17,386","-0,448060142","25/09/2020","113 136","222 066","-1 371 537","0,344982736","-4 244 037","-2 402 060","135 071","18,301","0,860069406","591 654","-1 511 713","-1 740 712","2 388 408","24,147","-173 019","-974 161","-211 558","-297 501","1 615 438","0,70865914","3 425 856","-2 011 325","-2 715 721","-633 289","7 626 322","-101,79","98,99","-108,19","-133,03","152,71","0,983587745","-36,09","28,791","461,25","-159,47","59,77","261,65","0,980245622","-133,03","-63,33","22,21","-133,03","0,105987512","-63,33","-133,03","22,21","-63,33"
"87","16,667","5,333","87,000","-0,821817837","17,575","0,510190008","26/09/2020","-24 104","430 621","-1 912 829","0,992978107","-4 871 121","-2 668 047","102 984","18,500","0,893996664","726 457","-1 616 840","-1 751 727","2 440 723","24,346","-371 310","-936 014","-109 964","-151 213","1 655 829","-0,936461974","3 803 403","-2 086 322","-2 594 847","-724 471","7 574 701","-119,96","93,92","-104,55","-139,41","168,69","0,379607739","20,58","29,050","432,21","-198,78","72,98","255,47","-0,666949292","-139,41","-72,45","43,06","-139,41","-0,77946607","-72,45","-139,41","43,06","-72,45"
"88","16,979","5,490","88,000","0,035398303","17,940","0,999373817","27/09/2020","-105 522","287 574","-2 075 643","0,5558393","-4 990 846","-2 307 442","126 572","18,884","0,105987512","823 204","-1 886 345","-1 741 980","2 522 729","24,731","-486 265","-965 763","37 056","-299 002","1 761 215","0,070752236","3 504 561","-1 847 112","-2 844 111","-755 776","7 628 877","-126,06","84,61","-107,55","-140,35","155,00","-0,573381872","40,31","29,550","391,85","-163,54","81,82","282,15","0,088398712","-140,35","-75,58","28,76","-140,35","-0,948282141","-75,58","-140,35","28,76","-75,58"
"89","17,361","5,681","89,000","0,860069406","18,386","0,569737948","28/09/2020","-136 127","299 614","-2 291 868","-0,488725006","-5 395 221","-2 572 131","96 956","19,354","-0,77946607","876 902","-2 111 549","-1 640 062","2 508 723","25,200","-427 048","-955 749","70 265","-237 745","1 911 500","0,877575336","3 195 177","-2 221 045","-2 979 717","-987 542","7 690 129","-125,68","95,17","-108,83","-129,89","150,86","-0,999206834","46,39","30,160","332,17","-140,95","73,65","352,32","0,525309164","-129,89","-98,75","29,96","-129,89","-0,245251985","-98,75","-129,89","29,96","-98,75"
"90","17,905","5,953","90,000","0,893996664","19,022","-0,383712363","29/09/2020","-245 038","398 397","-2 329 234","-0,999206834","-6 389 648","-2 380 621","98 127","20,023","-0,948282141","873 380","-2 420 953","-1 693 705","2 482 882","25,869","-353 401","-1 047 826","102 336","-253 660","1 794 800","-0,801152636","3 336 641","-2 801 192","-3 176 935","-1 024 973","8 160 432","-115,29","92,56","-104,81","-137,33","155,90","-0,506365641","41,72","31,030","344,34","-114,52","78,32","338,23","-0,930094878","-137,33","-102,50","39,84","-137,33","0,683261715","-102,50","-137,33","39,84","-102,50"
"91","18,160","6,080","91,000","0,105987512","19,320","-0,984379297","30/09/2020","-260 576","497 118","-2 455 170","-0,417747683","-6 892 938","-2 493 463","110 115","20,336","-0,245251985","936 020","-2 558 291","-1 752 955","2 519 749","26,183","-333 388","-1 022 314","45 496","-301 261","1 540 032","-0,210781066","4 042 538","-2 628 292","-2 993 291","-1 141 977","7 818 017","-119,46","86,35","-107,49","-134,81","158,64","0,452025787","45,92","31,437","422,45","-113,49","29,49","332,73","0,964969983","-134,81","-114,20","49,71","-134,81","0,983587745","-114,20","-134,81","49,71","-114,20"
"92","18,333","6,167","92,000","-0,77946607","19,523","-0,680012445","01/10/2020","-339 394","511 803","-2 462 792","0,620229377","-7 501 918","-2 343 600","109 753","20,550","0,683261715","952 110","-2 670 436","-1 711 341","2 512 612","26,396","-375 180","-1 052 533","-47 892","-352 112","1 581 709","0,976584383","4 371 480","-3 109 511","-3 085 255","-1 244 309","7 463 603","-134,00","107,30","-99,59","-140,90","140,86","0,994826791","60,30","31,715","262,08","-111,83","19,25","383,98","-0,616064204","-140,90","-124,43","51,18","-140,90","0,379607739","-124,43","-140,90","51,18","-124,43"
"93","18,472","6,236","93,000","-0,948282141","19,685","0,249554713","02/10/2020","-345 717","390 208","-2 226 594","0,980414962","-7 220 826","-2 385 366","83 405","20,721","0,983587745","948 175","-2 656 759","-1 796 865","2 712 806","26,567","-389 657","-1 240 080","-115 282","-237 271","1 424 479","-0,602023938","4 528 390","-2 992 664","-2 740 703","-1 462 622","7 072 927","-126,96","77,69","-99,43","-151,91","133,27","0,622988631","93,97","31,937","171,84","-110,17","25,51","362,60","0,022141825","-151,91","-146,26","39,02","-151,91","-0,573381872","-146,26","-151,91","39,02","-146,26"
"94","18,507","6,253","94,000","-0,245251985","19,725","0,949682419","03/10/2020","-281 535","128 043","-2 141 715","0,269195472","-6 789 537","-2 062 914","100 412","20,764","0,379607739","867 327","-2 540 088","-1 776 736","2 793 223","26,610","-221 034","-1 189 163","-98 676","-349 294","1 454 422","-0,475523669","4 542 846","-2 990 289","-2 540 834","-1 304 951","7 140 326","-124,53","71,39","-97,22","-147,09","151,70","-0,321622403","99,23","31,993","184,71","-84,07","47,15","381,61","0,580586641","-147,09","-130,50","12,80","-147,09","-0,999206834","-130,50","-147,09","12,80","-130,50"
"95","24,919","9,459","95,000","0,683261715","27,218","0,776676488","04/10/2020","-206 955","137 741","-1 845 304","-0,736202919","-6 624 320","-1 961 505","64 380","28,650","-0,573381872","848 615","-2 685 197","-1 737 748","2 875 306","34,497","-333 885","-1 205 698","-90 573","-388 962","1 183 590","0,997799279","4 194 767","-3 532 110","-2 962 843","-1 605 434","7 123 918","-116,88","92,58","-106,36","-151,99","153,10","-0,970535284","96,57","42,245","98,11","-72,79","105,82","363,20","-0,952408386","-151,99","-160,54","13,77","-151,99","-0,506365641","-160,54","-151,99","13,77","-160,54"
"96","13,715","3,858","96,000","0,983587745","14,126","-0,110402224","05/10/2020","-244 240","238 654","-1 646 560","-0,937073049","-6 236 533","-1 512 245","45 642","14,870","-0,999206834","838 369","-2 583 816","-1 677 972","2 790 589","20,716","-350 812","-1 304 171","0,4857","-155 958","1 147 427","-0,354938358","4 474 059","-3 473 287","-3 100 281","-1 947 058","7 282 236","-116,94","90,32","-104,53","-153,90","139,08","-0,7271425","93,26","24,331","85,52","-100,20","41,17","346,41","0,945445155","-153,90","-194,71","23,87","-153,90","0,452025787","-194,71","-153,90","23,87","-194,71"
"97","17,650","5,825","97,000","0,379607739","18,725","-0,89597764","06/10/2020","-250 464","217 927","-1 742 789","-0,113902482","-5 477 471","-1 949 013","42 854","19,710","-0,506365641","992 707","-2 704 250","-1 711 754","2 588 699","25,556","-345 466","-1 406 304","-53 338","-384 240","1 027 887","-0,702386329","3 771 972","-2 734 086","-3 226 819","-2 094 107","7 452 778","-122,94","76,97","-101,65","-145,01","120,99","0,184781745","50,49","30,623","106,23","-87,24","74,84","402,72","-0,562466313","-145,01","-209,41","21,79","-145,01","0,994826791","-209,41","-145,01","21,79","-209,41"
"98","10,718","2,359","98,000","-0,573381872","10,624","-0,857795346","07/10/2020","-89 064","382 522","-1 592 690","0,8337416","-5 649 979","-1 913 056","22 853","11,183","0,452025787","1 113 161","-2 584 345","-1 719 768","2 579 447","17,029","-140 610","-1 538 748","-35 844","-486 160","952 302","0,939530056","3 685 010","-3 320 995","-3 189 266","-1 771 250","7 678 726","-104,59","91,10","-101,76","-125,92","64,24","0,926818505","23,84","19,537","151,57","-62,26","51,87","396,59","-0,044212563","-125,92","-177,13","38,25","-125,92","0,622988631","-177,13","-125,92","38,25","-177,13"
"99","26,019","10,009","99,000","-0,999206834","28,503","-0,030959967","08/10/2020","-118 529","448 912","-1 484 214","0,870266394","-5 402 330","-1 499 811","-16 853","30,003","0,994826791","1 255 506","-2 551 288","-1 726 190","2 411 324","35,849","-199 917","-1 495 638","-42 673","-468 001","885 110","-0,079578592","3 978 202","-4 205 635","-2 719 315","-1 709 742","7 344 944","-107,43","85,55","-102,55","-120,28","78,92","0,816742607","49,04","44,004","158,57","-84,60","38,05","408,74","0,633307539","-120,28","-170,97","44,89","-120,28","-0,321622403","-170,97","-120,28","44,89","-170,97"
"100","","","","","","","09/10/2020","-24 483","382 355","-1 372 960","","-5 064 007","-1 371 716","-40 126","","","1 276 676","-2 526 036","-1 790 084","2 398 697","","-225 370","-1 579 617","-25 425","-567 475","888 734","","3 894 481","-4 022 137","-2 954 080","-1 676 421","6 664 108","-104,85","94,06","-97,89","-126,12","73,84","","21,50","","153,99","-90,68","41,36","415,31","","-126,12","-167,64","38,24","-126,12","","-167,64","-126,12","38,24","-167,64"
